AverageEIPW,DifferenceEIPW
-1.76285714286, 1.12605506082
-1.75142857143, 1.13516518622
